干,
干您娘,
干你娘,
干你妈,
干3小,
操你妈,
糙你妈,
糙你妈的B,
鸡掰,
鸡巴,
鸡巴毛,
老鸡掰,
妈的,
妈的糙,
妈的B,
妈的咧,
妈的勒,
喵的?,
挖勒赛林娘,
你妈勒,
您阿嬷勒,
喇鸡拉,
干你祖先18代,
他马的,
他奶奶滴,
操你妈,
操你妹,
鸡Y,
鸡歪,
你娘卡好,
,
牌吣,
拍愀鑫,
拍懵蔽,
硼你,
盼,
戆鸠,
戆鸠鸠,
捻,
扑街,
仆街,
顶你个肺,
拍憷夏,
碌七,
柒,
柒头,
陷家铲,
仆 街,
鸠,
同我吹捻爆,
吹捻爆,
捻爆,
捻 爆,
吹 捻 爆,
吹 捻爆,
吹捻 爆,
 七你,
牌 你,
 你个西,
拍愀 西,
拍 个西,
 鸠你,
硼 你,
扑 街,
拍,
拍,
 你个西,
拍愀 西,
拍 个西,
Fuck  ,
Fuck you,
Fucking you,
Fucking,
Fuckin,
Bitch,
Shit,
Bullshit,
Ass,
Suck,
Pussy,
Motherfucker,
Sucker,
Piss,
Cunt,
Cocksucker,
Rude,
Tits,
Fuck u,
Fuxk,
Fxck,
Fxxk,
shxt,
Fcuk,
Fcuk u,
u bitch,
bitchson,
sonofbitch,
dillu,
diuu,
diulungu,
diuling,
diu ling u,
diulungu,
diulung you,
doilungyou,
BITCH,
BIT ch,
BIT CH,
F U C K,
f u c k,
F C U K,
f c u k,
F x x k,
